id;nombre;descripcion;foto
1;Czech Liberia generate;Práctico Violeta;Ensalada Marketing Dinar
2;withdrawal Adelante AI;Guinea Hormigon Verde;Seguro applications
3;cross-media Bicicleta 6th;iniciativa Optimización fritas;Credit
4;XSS Cambridgeshire Director;Informática Salchichas Amarillo;invoice technologies Genérico
5;Madera compress;Moda;empresa Increible
6;Algodón Dram card;frictionless;invoice back-end
7;Ergonómico unleash Refinado;Inteligente Ladrillo transmitting;Salchichas
8;best-of-breed;Metal;Camiseta payment Murcia
9;Kyat Plástico Bricolaje;Loan Fantástico Peso;Pequeño
10;Berkshire Fiji;Directo Cambridgeshire target;Rampa methodologies brand
